speed_kmh_mean,lat_mean,lon_mean,alt_mean,vert_acc_mean,horiz_acc_mean,course_mean,difcourse_mean,hdop_mean,vdop_mean,pdop_mean,active_mean,acc_x_mean,acc_y_mean,acc_z_mean,acc_x_kf_mean,acc_y_kf_mean,acc_z_kf_mean,roll_mean,pitch_mean,yaw_mean,x_lane_mean,phi_mean,road_width_mean,lane_state_mean,dist_front_mean,ttc_front_mean,num_vehicles_mean,gps_speed_mean,max_speed_mean,speed_rel_mean,num_lanes_mean,lat_osm_mean,lon_osm_mean,osm_delay_mean,gps_speed_osm_mean,speed_ratio_mean,label
91.240625,40.526645640625,-3.4233364218749998,627.78125,5.421875,5.0,306.2578125,2.5763437500000004,0.296875,2.53125,0.0,1.0,-0.011832812499999987,0.0010348958333333378,-0.0033460069444444505,-0.011533506944444428,0.0009829861111111085,-0.0034168402777777734,-1.570781597222222,-0.010271354166666663,0.1441013888888889,0.1656899529613696,0.04237042575020769,2.9289974634846088,1.892677140234065,23.48185349025974,0.7503865101911977,0.9366319444444444,91.10432663690477,88.109375,0.96875,1.96875,40.526330125,-3.422519296875,2.9589999999999996,90.890625,-0.5467378472222222,2
92.76406250000001,40.538838484375006,-3.4549466562499997,659.9921875,5.65625,5.0,298.30625000000003,2.296171875,0.203125,2.484375,0.0,1.0,-0.01370273437499998,0.005037369791666663,0.0003551215277777783,-0.013444053819444425,0.005140104166666667,0.0003233506944444423,-1.5773200954861113,-0.013960112847222221,-0.06995711805555556,0.20348616705575812,0.04754863063102793,2.8009272131020175,1.9542766203703703,27.67624497767857,1.0032892485119047,1.0444568452380953,92.66715649801588,85.140625,1.125,1.8125,40.53843384375,-3.453859921875,4.221875,92.4625,-0.41257986111111145,2
95.1171875,40.551628765625004,-3.49124990625,698.9046875,5.96875,5.0,294.45,3.010265625,0.265625,1.84375,0.0,1.0,-0.013882074652777755,0.005066883680555544,0.0019308159722222142,-0.013620095486111095,0.0052869791666666725,0.0018676215277777738,-1.5527926649305555,-0.016845355902777776,-0.7279942708333333,0.21820209072958152,0.046991046464837045,2.687190224356142,1.9806118360805862,20.174759610615077,0.6271248759920635,0.9892423115079365,95.12328869047619,87.03125,1.3125,2.03125,40.551079234374996,-3.49030571875,4.10246875,95.1453125,1.1804340277777778,2
99.2734375,40.56839190625,-3.523362171875,667.884375,6.1875,5.0,294.421875,2.83446875,0.390625,2.109375,0.0,1.0,-0.013014236111111088,0.001848611111111115,0.0003621527777777655,-0.012634201388888868,0.0021750000000000033,0.00036128472222221727,-1.5309477430555556,-0.013104340277777772,-1.3103980902777779,0.2698697390273472,0.040583506089104646,2.642115492609757,1.9846159818442426,6.087470238095238,-0.36343936011904765,0.46456473214285715,99.28977244543651,90.46875,1.15625,2.171875,40.56793690625,-3.522519359375,3.000171875,99.47187500000001,1.0979444444444444,2
113.84687500000001,40.528696437499995,-3.4286157187499997,628.7125,5.1875,5.078125,298.75625,2.67521875,0.59375,2.875,0.28125,1.0,-0.014106423611111104,-0.0008574652777777821,-0.0037475694444444423,-0.014676909722222199,-0.0006036458333333345,-0.0035138888888888837,-1.5784234375000001,0.005327951388888884,0.24540902777777773,0.13048087757796856,0.01214207197092948,3.5132277650518207,1.8948102346300904,-0.87154296875,-0.99232421875,0.027250744047619048,113.90888979076479,92.34375,1.09375,1.953125,40.52856790625,-3.4280307031249997,1.9886249999999999,113.91093750000002,1.2371241319444444,0
113.071875,40.537746828124995,-3.4567431875,654.5703125,5.78125,5.234375,300.95000000000005,2.7630937500000003,0.265625,2.1875,0.203125,1.0,-0.014108506944444432,-0.002831597222222223,-0.0021782986111111135,-0.015152256944444423,-0.002868923611111112,-0.0020343749999999954,-1.5861309027777777,-0.014902604166666666,-0.2413355902777778,0.11198527126711735,0.026507482006937803,3.2415951432993673,1.9877152636288693,-1.0,-1.0,0.023995535714285712,113.04792765827924,85.765625,1.15625,1.796875,40.537454359375005,-3.455763875,3.4900781249999997,113.1015625,-0.5437795138888888,0
115.4921875,40.550783671875,-3.492397828125,681.503125,5.90625,5.15625,311.0203125,3.9330781249999998,0.34375,2.125,0.0,1.0,-0.01874479166666665,-0.004677777777777779,-0.010343750000000002,-0.01930850694444443,-0.004899305555555552,-0.010465624999999992,-1.5654371527777777,-0.038177430555555544,-1.4619414930555557,0.13363003964689232,0.016426072742740543,2.9308500360130383,1.9910019578123026,-1.0,-1.0,0.032552083333333336,115.48311197916667,86.234375,1.25,2.203125,40.55036659375,-3.491674296875,3.115015625,115.5375,-0.5229479166666665,0
114.3515625,40.56846378125,-3.5251037031249997,655.8828125,4.984375,5.0,304.4390625,2.889390625,0.1875,2.0,0.0,1.0,-0.017384722222222197,-0.0014072916666666654,-0.008434722222222222,-0.017499479166666648,-0.0016109374999999924,-0.008143750000000002,-1.5367064236111112,-0.021414236111111113,-2.529869791666667,0.09578106378766293,0.017112579447528403,2.8087841349796667,1.9867228622323732,1.6511458333333333,-0.7173828125,0.20052083333333334,114.28563244047618,90.46875,1.09375,2.40625,40.568156828125,-3.524602140625,2.05803125,114.5015625,1.2645121527777778,0
94.53125,40.57986346875,-3.5434766250000003,621.609375,4.84375,5.0,117.5359375,1.7523125,0.78125,2.328125,0.25,1.0,-0.01078849431818181,-0.0011902619949494802,-0.00040015782828283484,-0.010568465909090895,-0.0011815656565656594,-0.0004123106060606001,-1.5941520517676768,-0.01856530934343433,-0.07569706439393939,0.18247754846982311,-0.0133413833667755,2.941744478957094,1.7262151184118715,-1.0,-1.0,0.0,94.1911501736111,90.0,1.0,1.890625,40.58000573437501,-3.543834296875,1.023796875,94.15937500000001,1.050347222222222,1
100.0484375,40.573775890625,-3.5308097187499996,640.590625,4.65625,5.0,123.25625,1.543546875,0.96875,5.015625,0.75,1.0,-0.011132118055555543,0.0020142361111111207,-0.0005472222222222295,-0.011069097222222202,0.0016704861111110996,-0.0006392361111111157,-1.5815263888888889,-0.012762847222222215,-0.07366076388888888,0.3332417411656058,-0.04034736889140724,2.8716417955500955,1.9198245995555543,-1.0,-1.0,0.001953125,100.05019469246031,90.0,1.0,2.0625,40.574039703124996,-3.531241828125,1.45928125,100.07499999999999,1.1116493055555556,1
94.4859375,40.563915906249996,-3.516518828125,675.4078125,5.03125,5.0,118.7421875,2.9442500000000003,0.609375,4.953125,0.6875,1.0,-0.01336493055555554,0.003713888888888895,-0.0017447916666666766,-0.013630729166666654,0.0032649305555555457,-0.0018914930555555625,-1.5920840277777777,-0.001102430555555551,0.12498368055555555,0.29717549288812534,0.001944289621786226,2.7747521553449204,1.9172091438905299,0.2868446180555555,-0.9056358506944444,0.072265625,94.62423735119047,90.15625,1.03125,2.515625,40.564206703124995,-3.51696534375,1.745625,94.6859375,1.0481788194444444,1
93.6578125,40.552430328125,-3.493056171875,699.0890625,5.28125,5.0,125.2984375,2.7795156249999997,0.8125,5.53125,0.640625,1.0,-0.013170770202020187,0.002828140782828282,-0.004514188762626264,-0.01331281565656564,0.0024837594696969704,-0.004537342171717167,-1.5810345801767678,-0.0008917140151515081,0.6177785195707071,0.30785104521598067,0.026060083708687634,2.8018821016466053,1.928730590062112,0.8496050347222223,-0.8677191840277778,0.0968501984126984,93.63677517361111,89.21875,1.0625,2.421875,40.55280028125,-3.49370340625,2.7902031249999997,93.5859375,1.0711302083333334,1
95.959375,40.541017953125,-3.467896765625,675.24375,4.5625,5.0,119.896875,1.5326875,0.796875,5.75,0.71875,1.0,-0.012262957702020185,0.0008625157828282781,-0.003067140151515148,-0.012254655934343413,0.00046674558080809017,-0.0034677241161616104,-1.5593010732323234,-0.01824223484848484,1.2677925820707072,0.35671182235527654,-0.007475099738726763,2.864711225126845,1.977217361442905,3.8949155505952384,-0.6668292410714286,0.2140376984126984,95.87783048115078,89.53125,1.125,1.921875,40.541317265625004,-3.4687034375,3.09925,95.8609375,1.0939305555555556,1
92.046875,40.527532734375,-3.4251397343749996,637.5984375,3.421875,5.0,299.0703125,2.197265625,0.375,2.125,0.0,1.0,-0.009189094065656551,0.0007000315656565705,-0.0008673768939393999,-0.009301878156565642,0.0007007102272727298,-0.0010717487373737393,-1.5569805555555556,0.003518055555555542,0.07526576704545454,-0.15441219651098856,0.011338424578308257,3.3942858120831927,1.7888267800692836,-1.0,-1.0,0.011886160714285714,92.04964409722221,92.65625,1.21875,1.90625,40.527307265625,-3.424568609375,2.08934375,92.0875,0.9996197916666667,2
94.13593750000001,40.536171671874996,-3.45090378125,657.503125,3.359375,5.0,302.4453125,1.2140937500000002,0.09375,0.96875,0.0,1.0,-0.011179482323232307,-0.0013498579545454547,-0.0012428030303030329,-0.011283238636363623,-0.001283159722222222,-0.0012991161616161644,-1.558318087121212,0.0009517045454545361,-0.2383920138888889,-0.07282717566363284,0.009321871342280939,3.388595674268009,1.9334303111341156,-0.7562109375,-0.98837890625,0.038671874999999994,94.1490693204365,83.59375,1.0,1.890625,40.53586821875,-3.45013446875,3.075859375,94.18125,1.2652586805555557,2
92.340625,40.546274734375,-3.4767828124999998,698.9859375000001,3.421875,5.0,312.128125,1.658953125,0.03125,0.0,0.0,1.0,-0.01189288194444443,-0.0028185763888888887,-0.0010468750000000064,-0.011982291666666648,-0.002787673611111114,-0.0008003472222222233,-1.5631630208333334,-0.015297916666666661,-0.7637038194444445,-0.0778299889074083,0.0176419055046271,3.34588876539037,1.9454838272637187,-0.7562109375,-0.98837890625,0.042410714285714274,92.30950830853175,83.4375,1.109375,1.9375,40.5459865625,-3.47601334375,3.183703125,92.3640625,1.2469444444444444,2
93.2625,40.556358140625,-3.50022309375,708.0828125,3.375,5.0,307.9046875,3.3837031250000003,0.03125,0.0,0.0,1.0,-0.014018749999999986,-0.0016944444444444435,-0.003653298611111109,-0.014309027777777752,-0.0013817708333333342,-0.003378472222222217,-1.5397631944444443,-0.029373784722222223,-1.3709819444444444,-0.10255857416619288,0.02133166261511351,3.3369534163584147,1.989373059006211,-1.0,-1.0,0.017578124999999997,93.2469246031746,91.09375,1.328125,2.25,40.55605615625,-3.499567828125,2.734375,93.3328125,1.02503125,2
93.0703125,40.569327328125,-3.5265666875,661.659375,3.421875,5.0,307.0296875,2.8235,0.15625,0.515625,0.0,1.0,-0.013021527777777757,-0.0007904513888888894,-0.000499826388888883,-0.013541493055555534,-0.0004227430555555599,-0.000511111111111111,-1.528924652777778,-0.014936631944444445,-1.8383840277777779,-0.21403595976464057,0.016695811922385236,3.2891756035561293,1.9577995251935236,-1.0,-1.0,0.022228422619047616,93.06979166666667,91.09375,1.21875,2.203125,40.568917812500004,-3.5258489375,2.8941718749999996,93.178125,1.0228958333333336,2
107.5875,40.52981815625,-3.441529328125,648.7718749999999,3.453125,5.0,289.096875,1.609640625,0.375,2.84375,0.109375,1.0,-0.012823437499999986,-0.0006918244949494939,-0.0032127209595959583,-0.013448169191919167,-0.0006096275252525224,-0.002990688131313129,-1.5522524779040403,6.611426767675916e-05,0.09164618055555554,-0.2919087247278167,0.05159181902540044,3.024079059906249,1.8946103082307637,25.235537760416666,0.6116802455357144,1.0403645833333335,107.3333482142857,91.078125,1.0625,1.9375,40.529560734374996,-3.4406607968749996,2.4942031249999994,107.4265625,-0.6184969618055557,0
96.67656249999999,40.538623328125,-3.466398484375,670.4375,3.171875,5.0,309.0625,1.280046875,0.5,4.015625,0.28125,1.0,-0.015019444444444426,0.0007317866161616187,0.0006355429292929367,-0.015411190025252507,0.0009146780303030359,0.0008245896464646506,-1.5567306029040404,-0.00939187184343435,-0.42594374999999995,-0.37412853039738697,0.05575774709169114,3.0071276057585363,1.9527068852544396,15.245689732142857,0.5612589285714287,1.0285714285714285,96.86880580357143,82.96875,1.09375,1.828125,40.538351578125,-3.46601275,1.538046875,96.9515625,1.295644097222222,0
85.8875,40.548753250000004,-3.478323265625,707.41875,3.28125,5.0,318.17499999999995,1.6974218749999999,0.390625,3.140625,0.171875,1.0,-0.012215893308080792,-0.0030714330808080752,0.0012627525252525275,-0.012780666035353523,-0.0028416824494949438,0.0013877209595959698,-1.5694460858585861,-0.014220233585858583,-0.7625111268939394,-0.31960280296188226,0.01102172408294933,2.953054925115242,1.9953125,11.71953943452381,0.4904888392857143,1.00625,86.1628943452381,83.125,1.15625,1.796875,40.54843565625001,-3.477873,1.968609375,86.13125,1.174583333333333,0
94.3171875,40.562447953125,-3.50425328125,694.540625,3.203125,5.0,299.7828125,2.17528125,0.234375,1.953125,0.0,1.0,-0.01156736900252524,-0.0018282907196969609,-0.004566457544191917,-0.011993556660353526,-0.0015806147411616153,-0.004225039457070703,-1.5536655737058078,-0.0034390703914141383,-1.165431526199495,-0.2602134267738392,0.03313771711664416,2.907592518408733,1.9595147103630013,13.603247395833334,0.5093880208333332,1.0208333333333335,94.35645833333334,88.890625,1.125,1.90625,40.562019093749996,-3.50324825,3.63721875,94.12812500000001,-0.5741788194444445,0
98.04374999999999,40.576287734375,-3.5360781250000004,640.409375,3.078125,5.0,302.84375,1.9775156249999999,0.234375,1.5625,0.0,1.0,-0.012733246527777764,-0.00013637152777777194,-0.007928862847222218,-0.013111501736111093,9.040798611111863e-05,-0.007624739583333338,-1.5297123697916666,0.005121093750000004,-1.7159546006944444,-0.24019449295389148,0.026025876843566123,2.9173112258468836,1.944323917134808,14.124546875,0.5104427083333334,1.125,98.09838541666667,88.578125,1.03125,1.890625,40.57580940625,-3.5351735781249998,3.187234375,97.871875,-0.5299826388888885,0
89.328125,40.575583984375,-3.535385703125,637.0562500000001,3.578125,5.0,130.015625,1.9774999999999998,0.640625,3.109375,0.203125,1.0,-0.010483317550505031,0.0005633680555555565,0.0023374368686868655,-0.010807165404040387,0.0005784090909090878,0.002202872474747473,-1.5609295454545455,-0.015947506313131306,-0.17410902777777776,0.19404865343338937,0.003763693628402286,3.1727853404914916,1.9102230829488398,2.994341517857143,-0.7842075892857143,0.10360863095238095,89.27570374503968,90.0,1.0,2.125,40.57580121875,-3.535734671875,1.3173750000000002,89.3328125,0.9925347222222223,1
89.9140625,40.564029390625,-3.517626046875,675.8546875,3.703125,5.0,127.66718749999998,2.8948125000000005,0.6875,4.28125,0.375,1.0,-0.01210642361111109,0.0016812499999999979,-0.0013958333333333292,-0.012586631944444426,0.001297048611111103,-0.0014611111111111094,-1.5764585069444443,-0.002950694444444446,-0.0633859375,0.07319677711698631,0.01377586444427722,3.168075761072945,1.876691655434042,10.046893601190476,-0.3890848214285715,0.28915550595238093,89.91150793650795,90.625,1.15625,2.453125,40.564256984375,-3.518042125,1.5214843749999998,90.0171875,0.9927725694444445,1
92.0015625,40.555851624999995,-3.497887765625,717.3359375,3.5625,5.0,109.1984375,3.2794062499999996,0.671875,4.953125,0.671875,1.0,-0.012444791666666642,0.0025640625000000043,-0.004128124999999995,-0.012908506944444434,0.0018845486111111118,-0.00407065972222221,-1.5626649305555556,0.0006512152777777705,0.38216649305555556,0.005529042826265235,0.009557583263604617,3.230195715170905,1.9127272727272726,23.489720796130953,0.5495444568452381,0.7012648809523809,92.0463244047619,91.09375,1.3125,2.25,40.556053890624995,-3.4984748437500004,1.940890625,91.9890625,1.011251736111111,1
94.51875000000001,40.549201171875,-3.4798971874999998,712.0671875,3.203125,5.0,130.80625,1.9885937500000002,0.703125,4.515625,0.515625,1.0,-0.011728298611111089,-0.0032199652777777747,-0.007617187499999997,-0.011900694444444438,-0.0032526041666666636,-0.006542534722222212,-1.528875173611111,-0.018664236111111107,0.5315458333333334,-0.06171372965781077,0.03479611115356909,3.2568166942363925,1.9977864583333333,33.630908296130954,1.275377418154762,1.0673363095238095,94.53494419642857,85.78125,1.15625,1.84375,40.549488265625,-3.4803065,1.81071875,94.38125,1.2186527777777778,1
93.9984375,40.53914271875,-3.469041234375,675.8484375,3.078125,5.0,136.7265625,2.4994531249999996,0.4375,3.15625,0.015625,1.0,-0.014116130050505039,-0.0074824494949495,-0.008843781565656557,-0.014012200126262609,-0.007019570707070707,-0.007892929292929283,-1.5269304450757577,-0.0011092960858585868,0.9173026041666666,-0.25590124892019794,0.05667327186143059,3.2803405589969437,1.9482811185921884,32.28424739583333,1.2114739583333334,1.0625,94.01656249999999,86.71875,1.28125,1.78125,40.53937065625,-3.4692598749999997,1.2641718750000002,93.896875,1.2018923611111112,1
88.9359375,40.534070875000005,-3.4583921875000003,658.8703125000001,3.15625,5.0,100.54375,2.367609375,0.53125,3.3125,0.03125,1.0,-0.0130441919191919,-0.001496985479797983,-0.004402383207070694,-0.013106297348484822,-0.001469696969696979,-0.004793813131313117,-1.5474286458333333,-0.004557244318181804,1.49162913510101,-0.2201880324256752,0.02863511028801291,3.2892926889969205,1.85688691441751,26.378893229166664,1.0359479166666667,1.015625,88.99513020833334,91.40625,1.28125,1.859375,40.534115109374994,-3.4586995468749997,1.10746875,88.90625,0.9724826388888889,1
87.353125,40.533715,-3.44494690625,657.1140625,3.546875,5.0,92.4625,1.29090625,0.828125,4.21875,0.453125,1.0,-0.008672719381313115,0.0013612807765151526,-0.0008265467171717047,-0.009063281249999984,0.002027623895202014,-0.0011276791351009995,-1.5459203006628788,-0.02998166824494946,1.5759129142992423,-0.17175128472888118,0.02209888681689922,3.221114563491894,1.9079547541586548,19.23513020833333,0.787421875,1.0234375,87.53046875,90.0,1.0,2.0,40.53373025,-3.44533784375,1.178796875,87.475,0.9705902777777777,1
89.6921875,40.53073487500001,-3.43045159375,642.6671875,3.640625,5.0,114.421875,2.38946875,0.703125,4.984375,0.90625,1.0,-0.010488754734848466,-0.0007885929608585831,-0.0007840909090908998,-0.010892795138888876,-0.00012277067550505003,-0.0009471077967171661,-1.5486128985164143,-0.014960108901515138,1.4846860361426768,-0.12324808431837012,0.029349992977301655,3.2133126088715556,1.9604088215632443,18.676171875,0.7465755208333333,1.0546875,89.679296875,91.40625,1.0,2.0,40.530865921875,-3.4308573593749996,1.2711406250000001,89.81875,0.9812326388888889,1
89.0171875,40.524906890625005,-3.417686734375,628.1953125,3.03125,5.0,314.2109375,2.532421875,0.28125,1.578125,0.0,1.0,-0.01281736109375,0.0019842013906250003,-0.0040203125,-0.01302152778125,0.0020553819687499997,-0.004051736109375001,-1.573760416671875,0.011026388875,0.185294270828125,0.095317892140625,0.02502265646875,2.97532811378125,1.697818994328125,0.5751249999999999,-0.894828125,0.115234375,89.10800786875001,94.53125,1.25,1.921875,40.524695109375,-3.417402140625,1.0671875000000002,89.090625,0.9441727430555555,2
85.803125,40.530812015625,-3.427683703125,632.05,3.015625,5.0,295.553125,2.774046875,0.3125,2.421875,0.0,1.0,-0.01324791665625,0.00424114584375,-0.0023569444375000003,-0.01329201390625,0.0042782986249999995,-0.002333506953125,-1.58676701390625,0.002759375,0.320115798609375,0.0005329262656249998,0.058942142187500005,2.81541274784375,1.9805859409062498,-1.0,-1.0,0.0,85.78674417140624,90.46875,1.0625,1.890625,40.530663421875005,-3.4272806718749997,1.296875,85.81562500000001,0.9501501736111111,2
86.628125,40.53363453125,-3.43969203125,650.0718750000001,3.390625,5.0,276.2984375,1.40634375,0.28125,2.578125,0.0,1.0,-0.0101506944375,0.0008560763906249997,-0.0011791666562499998,-0.00998645834375,0.00077951390625,-0.001097222234375,-1.586409895828125,0.007771180546874999,0.365456597234375,-0.1050598278125,0.07601568540625,2.79513649978125,1.9753782669843751,6.212284536093749,-0.5582911706406251,0.18839905753125,86.56015438953125,90.0,1.0,2.0,40.533610968750004,-3.439328375,0.986046875,86.528125,0.9625347222222222,2
88.29531250000001,40.533779796875,-3.452261828125,656.828125,3.703125,5.0,269.6234375,0.5824687499999999,0.4375,2.640625,0.0,1.0,-0.011176388890625,0.002792361125,0.00026388889062500006,-0.0110256944375,0.002804861140625,0.00011840276562499969,-1.5551911458125,0.0159553819375,0.31499826390624996,-0.191354830046875,0.054076032828124995,2.8526624285781255,1.936733466390625,10.56887903015625,-0.175894593265625,0.39543030753124997,88.367358010625,90.0,1.0,2.0,40.533781125,-3.4519726718750006,0.7832343749999999,88.3171875,0.9810590277777778,2
82.6875,40.53447753124999,-3.46297053125,656.3171875,3.328125,5.0,289.05468750000006,2.2467812499999997,0.453125,2.65625,0.0,1.0,-0.013233428031250001,0.0020161300468750005,0.0015417297968749997,-0.013242266421875,0.0022837121249999997,0.001173563765625,-1.5658996054218752,0.0008585227343750001,0.14791712439062502,-0.07614006590625001,0.018470234671875,2.8162417012343752,1.954865450734375,12.40175818446875,0.19729092259375,0.71328125,82.94537946453126,91.5625,1.3125,1.84375,40.534419765625,-3.46273740625,0.8337187500000001,82.8,0.9056961805555557,2
75.08281250000002,40.538237156250005,-3.470093859375,668.48125,3.0,5.0,327.171875,2.153390625,0.21875,2.65625,0.0,1.0,-0.01225044190625,0.0005666508593750001,0.0006846117499999997,-0.012245044203125,0.0008302398750000002,0.0005067235000000001,-1.5822820706875,-0.001713699484375,-0.07951568812500001,-0.008632644765624996,-0.02143458653125,2.7720752316718755,1.991753472234375,12.891739211171876,0.304917782703125,0.98645833334375,75.23892113109375,77.5,1.3125,1.609375,40.538076421875004,-3.4699662343749997,0.8988906249999999,75.09218750000001,1.2053663194444444,2
79.259375,40.54585403125,-3.47460903125,693.8843750000001,3.046875,5.0,334.3734375,1.186546875,0.1875,1.890625,0.0,1.0,-0.01135434025,0.0017769097031249998,-0.00043090278124999996,-0.01142673609375,0.0019156250000000002,-0.00021388889062500015,-1.594687326375,-0.00127170140625,-0.020631770843749994,-0.05187595003125,-0.00488356821875,2.782929370515625,1.94136125046875,4.680286458265625,-0.43653906251562496,0.56145833334375,79.16723958328126,75.9375,1.0,1.765625,40.545594828125,-3.474381234375,1.3259218750000001,79.303125,1.2648263888888889,2
87.6640625,40.55340965625,-3.4905619999999997,715.5718750000001,3.046875,5.0,303.53749999999997,2.6037187499999996,0.078125,1.203125,0.0,1.0,-0.012507291640625001,-0.0012225694531250002,-0.002428472234375,-0.012630381921875,-0.0015277777812500002,-0.002241493046875,-1.56380347221875,-0.006022395875,-0.256527951390625,0.008248359062499995,0.023387283140625,2.82697512321875,1.942255610734375,-0.16628906249999997,-0.9265625,0.08125,87.56562500000001,90.0,1.0,2.421875,40.553232765625005,-3.4899833124999997,2.09540625,87.75625000000001,0.9740451388888889,2
88.6796875,40.5603720625,-3.51082309375,693.25,3.0,5.0,303.9328125,3.218984375,0.0,0.71875,0.0,1.0,-0.012143686859374999,-0.001604750625,-0.0009780460625000004,-0.012368355421875,-0.002142124390625,-0.0007950599531250002,-1.53560689709375,-0.009542329546874999,-0.8543471433125,-0.015953483718749998,0.010923643765625001,2.823956969671875,1.98270359846875,-1.0,-1.0,0.03125,88.650390625,91.25,1.25,2.46875,40.560128671875,-3.510261609375,2.268703125,88.70625,0.9728489583333333,2
88.0765625,40.569019765625,-3.5236993125,658.6921875,3.0,5.0,310.81718750000005,2.334546875,0.125,0.390625,0.0,1.0,-0.010023721578125,0.0016174715937500002,0.00138098171875,-0.0101619318125,0.00138634784375,0.001436710875,-1.541626341546875,-0.008385211468749999,-1.094540198859375,0.08776395528125,0.00962553265625,2.75745021246875,1.94349342859375,-1.0,-1.0,0.03125,88.01023437500001,91.25,1.25,2.046875,40.56872046875,-3.5233350156250003,1.616984375,88.01875,0.9661475694444444,2
89.1171875,40.57582628125,-3.534965,640.340625,3.0,5.0,298.94062500000007,1.32934375,0.15625,0.75,0.0,1.0,-0.0102958964375,0.0036834437968750007,-0.0023094065625,-0.010340514515625001,0.0035669981093750004,-0.0025119317968750002,-1.5464337436875,-0.00463838384375,-1.0812366635,0.08149093203124999,0.017341467265625,2.748209089890625,1.93210277028125,-1.0,-1.0,0.00390625,89.06562500000001,90.0,1.0,2.0,40.575696515625,-3.53465384375,0.966984375,89.0828125,0.9901909722222222,2
88.165625,40.5802655625,-3.5443602343750005,624.759375,3.0,5.0,301.703125,1.637,0.03125,0.515625,0.0,1.0,-0.010146764499999999,0.00324199415625,-0.0029920454375000002,-0.010212563140624999,0.0030303227656250003,-0.0031928345781250004,-1.548234872171875,0.0029961213750000003,-1.08342316525,0.077511829171875,0.0165093440625,2.724918146484375,1.9721083947031248,-1.0,-1.0,0.00390625,88.3065364584375,90.0,1.0,2.0,40.580146234375,-3.544101109375,0.8572500000000001,88.309375,0.9796180555555556,2
106.8953125,40.52498528125,-3.4183238281249997,626.9875,3.015625,5.0,313.69843749999995,3.1146562500000003,0.40625,1.6875,0.0,1.0,-0.01448784721875,0.0037639362499999997,-0.006766792921875,-0.013983364890625002,0.00368838384375,-0.006797837750000001,-1.5607153724687501,0.00044974746875000037,0.045668955171875,0.15449316259375,-0.013881251687499999,3.129822858203125,1.590261561359375,9.296314918124999,-0.276220238109375,0.51004464284375,106.83536497656249,92.96875,1.15625,1.859375,40.524769578125,-3.418039171875,0.8723281249999999,106.921875,1.15530078125,0
94.71875,40.530731328125,-3.4275941093749998,628.684375,3.140625,5.0,299.5828125,3.20253125,0.453125,2.71875,0.0,1.0,-0.016766445703125,0.0052722853437500005,-0.00417861425,-0.016779024640625,0.005351388890625001,-0.0040348169062500005,-1.5604886363750001,-0.016895154671875003,0.07209416035937499,0.039069190562499995,0.01850739934375,3.0015237059062496,1.9844771634687501,12.821399553734375,0.29813926090625,0.846540178578125,95.23310098671877,89.21875,1.03125,1.875,40.53059815625,-3.427325453125,0.73228125,95.2515625,1.0654548611111112,0
89.45000000000002,40.53361134375,-3.43863975,645.1125,3.5,5.0,277.4984375,1.560171875,0.1875,2.453125,0.0,1.0,-0.011264535984375,0.003011868671875,0.0010394412968749997,-0.011437531578125,0.003183159734375,0.0008912247656249997,-1.576465719703125,0.006234185609375,0.16340422979687502,-0.110139031171875,0.024117092421875003,2.9356745224375,1.963100395015625,11.388690475953126,0.43677176340625,1.0401785714375,89.58867187468749,90.0,1.0,2.0,40.533582140625,-3.438271921875,0.92946875,89.59843750000002,0.9938888888888889,0
93.3625,40.5338005,-3.451805984375,654.125,3.5625,5.0,269.67499999999995,0.43418749999999995,0.09375,1.109375,0.0,1.0,-0.010205902781250002,0.000548437484375,0.0011958333281250001,-0.010227256937500002,0.0007348958281249997,0.0010288194531250002,-1.5661847222343752,0.011028819453125,0.10511302084374999,-0.061362931703125005,0.002664947109375,2.9312926618125,1.906427723359375,12.208112909125,0.46123573909375,1.02204241071875,93.04551091234376,90.0,1.0,2.0,40.533802375,-3.4513884843750002,1.097703125,93.08281249999999,1.0373611111111112,0
94.9625,40.534923359375,-3.4636531718750003,656.8578125,3.34375,5.0,294.44843749999995,2.202921875,0.09375,0.15625,0.0,1.0,-0.01629496528125,0.00032100693750000014,-0.0049446180624999996,-0.016313541671874997,0.0004769097031249996,-0.004955381921875,-1.57386145834375,-0.015257291656250001,-0.21799079860937498,0.027554604375,-0.01574943015625,2.94722995059375,1.925200325140625,12.90252201190625,0.48486452132812496,1.08203125,94.85120907749999,91.40625,1.28125,1.859375,40.534833015625,-3.463362390625,0.9026093749999999,94.890625,1.0405434027777778,0
92.03593749999999,40.539820000000006,-3.470986203125,673.2359375,3.140625,5.0,332.3421875,2.318265625,0.109375,0.296875,0.0,1.0,-0.01709722221875,0.0016446180625000004,-0.0055539930625,-0.017152604171875002,0.0017914930468750003,-0.005488888875,-1.5839855902812499,-0.017568055546875,-0.59725677084375,0.168258360109375,-0.069897015796875,2.95979919096875,1.99609375,12.5039006699375,0.48342075892187497,1.079799107140625,92.08860057062499,78.28125,1.28125,1.640625,40.539613890625006,-3.4708395000000003,0.771484375,92.00156249999999,1.4309774305555556,0
91.9765625,40.547197187500004,-3.474943640625,697.96875,3.03125,5.0,333.9859375,1.3403437499999997,0.046875,0.4375,0.0,1.0,-0.010667976624999999,0.0016326230937499997,0.00043699496874999993,-0.0108782196875,0.0016793244843749996,0.00029588068749999974,-1.588811553015625,-0.0028684659062499997,-0.5591372790312501,0.061631610343750004,-0.054283658390624996,2.9230647907656246,1.98911231884375,11.516033915734376,0.43513547862499996,1.0,91.9862847225,76.875,1.0,1.78125,40.546971531249994,-3.4747896249999997,0.82125,91.9078125,1.4449131944444442,0
93.5625,40.5529091875,-3.4841855781250004,724.878125,3.125,5.0,303.49531250000007,2.7354531250000003,0.109375,0.328125,0.0,1.0,-0.010858080796875,-0.0053602588593750005,-0.003919428640625,-0.011259816906250001,-0.005310606078125,-0.004206202656249999,-1.5692021780156251,-0.023198674234375,-0.6116681818125,0.02073602971875,-0.023575429109375,2.94168524921875,1.990414402171875,12.625863094546876,0.47189639134375,1.0,93.75558345750001,90.46875,1.125,2.015625,40.55278125,-3.4837539687500003,1.36190625,93.7640625,1.034654513888889,0
81.959375,40.556728859375,-3.5006664843750004,718.9937500000001,3.09375,5.0,295.38750000000005,3.2628125,0.1875,0.46875,0.0,1.0,-0.013950520828125,-0.005279687515625001,-0.0003694444531250011,-0.0141897569375,-0.005204861125,-0.0007578125156250002,-1.524982118046875,-0.02508159721875,-1.122639756953125,0.056531691015624996,-0.022656013765625,2.97474866246875,2.0,12.838323350265624,0.562859003,1.0,82.32026909718749,91.09375,1.25,2.375,40.556487796875004,-3.50005578125,2.572328125,82.3375,0.9004687499999999,0
74.3625,40.56540759375,-3.5181682968750003,678.5562500000001,3.0,5.0,303.0078125,2.274109375,0.484375,1.5625,0.046875,1.0,-0.011541477250000001,0.0008129103437499998,0.0044589330781249995,-0.011382717812499998,0.0009903882500000001,0.00430181503125,-1.52523309659375,-0.009329419203125,-1.463069302390625,-0.17084890015624998,0.0745472140625,2.8878386168437498,1.979292501515625,13.909564731984375,0.6274847470156251,0.9609375,74.39009486609376,90.625,1.125,2.359375,40.56511671875,-3.517711296875,2.2618125,74.409375,0.8209878472222222,0
78.109375,40.574436578125,-3.5315087968750003,646.753125,3.0,5.0,298.7265625,1.197546875,0.640625,3.9375,0.5,1.0,-0.01044668559375,0.0015425978437499993,-0.00030426135937500003,-0.010008933093750002,0.0015976799218749998,-0.00026867107812500023,-1.542822506328125,-0.004194002546875001,-1.46922833015625,-0.36936029343750004,0.09613575570312499,2.858207225671875,1.954311544109375,11.123059895890627,0.18382812496875,0.65625,78.05380208328125,90.0,1.0,2.0,40.5743170625,-3.5312165625,0.97978125,78.075,0.8678819444444446,0
78.01093750000001,40.578891296875,-3.5414372187499996,630.7375000000001,3.0,5.0,302.70624999999995,1.214,0.46875,4.546875,0.5625,1.0,-0.01108724746875,0.0015887626250000002,-0.0036716382500000004,-0.01073459596875,0.0015351167968749998,-0.003554592796875,-1.5429769412812502,-0.005136805562499999,-1.548471496203125,-0.32672507443750004,0.03899500971875,2.8601562424843747,1.963749304015625,7.552351562609375,-0.19847916667187498,0.4453125,78.08331845234375,90.0,1.0,2.0,40.578757906250004,-3.5411688124999996,0.9066875,78.071875,0.8667881944444444,0
90.95625,40.579479234375,-3.542798203125,625.2421875,3.140625,5.0,119.571875,1.7742968749999999,0.703125,3.046875,0.0,1.0,-0.010778993046875,-0.0004829861093750001,-0.00031545139062500024,-0.010557812500000001,-0.00014843750000000013,-0.00022343751562500054,-1.566741319453125,-0.006335069453125,-0.10717534721875,0.087679932796875,-0.0245501025,2.503723207265625,1.9674622686249998,2.43095641128125,-0.7871896701406249,0.13348214285937499,90.94807517343752,90.0,1.015625,1.953125,40.579576687499994,-3.5430638125,0.9441718750000001,90.8984375,1.0106249999999999,1
86.85468750000001,40.572872125,-3.530514421875,640.8234375,3.25,5.0,131.0375,1.516171875,0.859375,4.265625,0.359375,1.0,-0.011713099734375,-0.00028252839062499984,0.0010898043125,-0.012259280312499999,-0.00033167615625000056,0.0010202020312500002,-1.569365404046875,0.0020338068281249995,-0.1209714804375,0.08683231959375,-0.01958845525,2.484380425,1.900361637796875,2.6159564112812497,-0.7742432415625,0.140625000015625,86.86370969781251,90.0,1.0,2.25,40.573068953125,-3.530844734375,1.545984375,86.81562500000001,0.9650520833333334,1
84.7546875,40.563434406249996,-3.51774696875,671.0796875,3.203125,5.0,130.2421875,2.6092812500000004,0.921875,4.546875,0.5,1.0,-0.012351988640625,0.002535874390625,-0.001229119296875,-0.012921953937500001,0.002086726625,-0.001186916015625,-1.578772001265625,0.024326167937499997,0.060826089015625,0.09323282040625,-0.029305307203125,2.56829853890625,1.8557575295312498,-0.815,-0.987053571421875,0.12193080359375,84.81189608140625,90.3125,1.0625,2.6875,40.56367203125,-3.51807290625,1.737859375,84.7921875,0.9387013888888889,1
83.7671875,40.556683984375,-3.507051234375,711.753125,3.390625,5.0,111.03125,3.554078125,0.78125,4.359375,0.40625,1.0,-0.011287973484375,0.0008104166718750001,-0.0026500946875000005,-0.011477714656249999,0.0006486111093749994,-0.0025288194374999996,-1.5847983585625,0.0194142834375,0.28028544823437496,0.151371536296875,-0.03779999325,2.743504895375,1.6933371778750002,0.13005859375000006,-0.91525390625,0.16573660715625,83.81192522296875,90.3125,1.15625,2.71875,40.5568035,-3.50727953125,1.08953125,83.8671875,0.9277291666666667,1
84.8515625,40.555333250000004,-3.497131125,735.8375000000001,3.546875,5.0,91.865625,3.66390625,0.671875,3.921875,0.265625,1.0,-0.010812626265625,-0.0025428819375000007,-0.003970928031249999,-0.011556013265625002,-0.0027178819375000005,-0.0038310763750000003,-1.5725865530156249,-0.0038919665625000003,0.585989614890625,0.19607539742187502,-0.014073576640625002,3.0185614721406253,1.565940387375,0.13005859375000006,-0.91525390625,0.05719866071875,84.77803323359376,91.40625,1.5625,2.046875,40.555345375,-3.497353046875,0.85215625,84.84375,0.929265625,1
92.9109375,40.554116140625,-3.486213078125,732.64375,3.59375,5.0,102.5953125,2.96621875,0.90625,4.046875,0.25,1.0,-0.011580381953125,0.0004954861093750002,-0.000974826375,-0.01203645834375,-0.00010381943749999999,-0.0008802083281249999,-1.5381633680625,-0.004794965281250001,0.8721357638906251,0.214589049671875,-0.014532941921874999,2.911582291203125,1.8004878248906249,-0.32098214281250004,-0.96890625,0.01116071428125,92.84415674562501,91.40625,1.46875,1.765625,40.554177328125,-3.4864619375,0.923984375,92.86875,1.0188142361111112,1
97.5046875,40.54839375,-3.476649890625,707.0703125,3.65625,5.0,145.3359375,1.697390625,0.859375,4.5625,0.375,1.0,-0.012633491156250001,0.003322537875,0.0009142834687499998,-0.01255566603125,0.0027144412812500004,0.0008488952031249999,-1.519412705171875,-0.01180656565625,0.843698579546875,0.209736823109375,-0.025439542984375,2.587034274484375,1.96749281609375,-0.32098214281250004,-0.96890625,0.0243985615,97.4805859375,82.5,1.0,1.875,40.548588437499994,-3.4768358125,1.023625,97.53125,1.3523437500000002,1
93.6625,40.539585843750004,-3.4705025156250002,679.5296874999999,3.40625,5.0,147.23906250000002,2.230296875,0.640625,4.203125,0.15625,1.0,-0.014248390140625,0.003628598484375,-0.002595280953125,-0.014357339015625,0.00371767675,-0.0026558238750000003,-1.5215865688124999,0.002896417281249999,1.1473520991250001,0.18183467182812502,-0.022695023296875002,2.604622719484375,1.960869174796875,-0.846848958328125,-0.991119791671875,0.041604662703125,93.67126302093749,83.59375,1.21875,1.765625,40.539767171875,-3.470658125,1.013984375,93.7125,1.2983923611111112,1
90.2515625,40.534567828125006,-3.4621453906250004,662.9515625,3.21875,5.0,110.04531250000001,2.0325781249999997,0.765625,4.3125,0.3125,1.0,-0.013833822578125,-0.0005687657968750002,-0.004340814390625,-0.013943166031249999,-0.0006644728593749999,-0.004331802390625,-1.548647648375,-0.004565246234375001,1.546399352921875,0.22598862328124997,-0.028825700578125,2.5959535600468753,1.990715645203125,-0.7460872395781251,-0.985475260421875,0.050068204359375,90.21352058546876,91.09375,1.21875,1.890625,40.53463256249999,-3.462370765625,0.9288281250000001,90.2203125,0.9915347222222222,1
91.8328125,40.533756765625,-3.45047215625,660.33125,3.15625,5.0,89.70781249999999,0.670328125,1.078125,5.046875,0.765625,1.0,-0.0096163194375,-0.0015760416718749997,-0.0015232638749999997,-0.00984079859375,-0.0020532986093749995,-0.0015906249843749998,-1.5605807291875,-0.02662309028125,1.679275173625,0.23108676375,-0.0264218355625,2.5071010435,1.9934799767968752,-0.8992382812499999,-0.99435546875,0.021701388874999998,91.794227430625,90.0,1.0,2.0,40.533755671875,-3.450725484375,0.8246718749999999,91.771875,1.0203645833333335,1
94.765625,40.533593499999995,-3.438976375,652.8578125,3.0625,5.0,95.6546875,1.384375,0.953125,5.40625,0.96875,1.0,-0.008786111125000001,-0.0017034722187500005,-0.004984375,-0.00916371528125,-0.0017519097187500001,-0.0047289930625,-1.531425694453125,-0.0229038194375,1.603809375015625,0.232195667453125,-0.01278267621875,2.5268145015625,1.996140690296875,-1.0,-1.0,0.06780133928125,94.76946614531249,90.0,1.0,2.0,40.533616656250004,-3.4392618593749997,0.9021875,94.734375,1.0529513888888888,1
94.64375,40.530178015625,-3.42756440625,632.9921875,3.21875,5.0,116.2359375,2.757578125,0.484375,4.421875,0.53125,1.0,-0.012379340296875,0.0004295138906249996,-0.00486041665625,-0.012629340296875,0.00025989584374999956,-0.0044963541718750005,-1.541297569453125,-0.009136979171875,1.5911927083437498,0.131443477609375,-0.01822523871875,2.70346889134375,1.8844757015625,-1.0,-1.0,0.06780133928125,94.6079321678125,92.03125,1.09375,1.953125,40.530279125,-3.4278305156249997,1.068515625,94.62968749999999,1.0300503472222222,1
99.8109375,40.522947234374996,-3.4160471562500003,622.8093749999999,3.5625,5.0,137.64687500000002,2.4060625,0.421875,2.796875,0.046875,1.0,-0.013002667296875001,0.00023590593749999963,-0.00022365846875000025,-0.012723058703125,0.0001824652812500002,-0.00013535354687499988,-1.5472458807031249,-0.0020170138906249998,1.582674873734375,0.1007841711875,-0.029820754046875002,3.1395574092812497,1.6572317519687498,-1.0,-1.0,0.006696428578125,99.81663318593749,97.03125,1.125,2.078125,40.523128171875,-3.416266265625,1.06146875,99.85624999999999,1.02859375,1
87.609375,40.527252359375,-3.42148421875,628.8875,3.390625,5.0,309.853125,2.6806093750000004,0.15625,1.046875,0.0,1.0,-0.01301649305555554,-0.0007685448232323301,-0.0010147253787878747,-0.012593876262626235,-0.00041237373737374394,-0.0010859217171717106,-1.5554260416666668,0.0034869318181818126,0.04148887310606059,-0.08155898479662861,0.029379081152216328,3.500536674734336,1.9480002538222647,-0.6489474826388889,-0.9782486979166667,0.05927579365079365,87.54723958333332,91.875,1.125,1.90625,40.527053671875,-3.4211666562500005,1.3975,87.59687500000001,0.9582096354166667,2
85.5671875,40.53240559375,-3.43726671875,642.5359374999999,3.6875,5.0,291.02656249999995,1.6919374999999999,0.0,0.9375,0.0,1.0,-0.011557986111111094,-0.0009577809343434391,-0.004668371212121209,-0.011538147095959577,-0.0007969223484848546,-0.004691303661616161,-1.5525508680555555,0.007959501262626262,0.007845817550505042,-0.1255638153329748,0.028352501484365557,3.509919687152518,1.9696171829759725,7.580648871527778,-0.45633742559523816,0.2982700892857143,85.49537078373015,90.0,1.0,2.0,40.532310531250005,-3.43679675,1.7641093749999999,85.525,0.9507465277777778,2
80.646875,40.533831609375,-3.455339234375,657.9156250000001,3.640625,5.0,272.24687499999993,1.082328125,0.0625,0.0,0.0,1.0,-0.01031452809343432,-0.0005778014520202155,-0.004050741792929297,-0.010277529198232308,-0.0002395083648989891,-0.003987365845959594,-1.5553491595643938,0.017112389520202005,-0.00041025489267678024,-0.18524699363049754,0.033244154493773194,3.4790276568200733,1.9396894142977352,16.958180493551588,0.4660844494047619,0.8168402777777778,80.59986049107142,90.0,1.0,2.0,40.53382325,-3.4548873125000004,1.5601093750000001,80.63593750000001,0.8960763888888889,2
78.5890625,40.53600259375,-3.4670105312499997,663.1765624999999,3.734375,5.0,306.2453125,1.93915625,0.109375,0.328125,0.0,1.0,-0.011409666982323208,-0.000397419507575772,-0.0010578598484848433,-0.01181450836489898,-0.0004282236426767686,-0.0014911852904040358,-1.5681290206755052,0.006205445075757567,-0.2464014007260101,-0.16809425010615436,0.02863382942248429,3.4617725775394907,1.9518430646550962,18.70867429315476,0.84273046875,1.0765438988095237,78.43961309523809,85.78125,1.28125,1.765625,40.535883,-3.4668114375,0.9340468749999999,78.5203125,1.0346111111111111,2
79.071875,40.542078359375,-3.472284125,681.8718749999999,3.984375,5.0,339.8640625,1.58753125,0.046875,0.328125,0.0,1.0,-0.011327039930555541,-0.0009564670138888907,-0.0005516493055555485,-0.011757899305555545,-0.0011907986111111123,-0.001101996527777769,-1.5785735243055556,-0.003059418402777777,-0.3347517361111111,-0.07934235079746849,0.024214815787569583,3.4672720865459903,1.9705622563352827,21.476526041666666,0.9653748139880953,1.0320870535714286,78.94484374999999,80.15625,1.28125,1.671875,40.541873859375,-3.472180828125,0.89425,78.9328125,1.1956006944444444,2
79.84843749999999,40.5494891875,-3.47827425,709.0953124999999,3.859375,5.0,322.0703125,1.5819999999999999,0.0,0.0,0.0,1.0,-0.012481222380050488,-0.0015232441603535373,0.00034904513888888615,-0.012260661300505033,-0.0014080808080808031,0.00047144097222222444,-1.5870598721590907,-0.01198474984217171,-0.1991845643939394,-0.15816389321198115,0.04214542477805769,3.413854065105967,1.9684371169818824,24.641131138392858,1.1076155133928571,1.0245535714285714,79.81590773809523,84.84375,1.171875,1.859375,40.549329515625004,-3.477880828125,1.668171875,79.79843749999999,1.0386302083333332,2
85.609375,40.554962859374996,-3.4958975468749998,714.934375,5.0,5.0,294.471875,2.9003281249999997,0.0,0.203125,0.0,1.0,-0.015132307449494923,-0.0012955965909090999,-0.0029661458333333324,-0.014573421717171697,-0.0010316919191919129,-0.00266267361111111,-1.551599889520202,-0.02093036616161615,-0.4309975852272727,-0.22872078684502148,0.04349940070467842,3.4490869874801624,1.9796456939799332,25.59630357142857,1.0733484002976188,1.0476190476190474,85.63623139880951,90.46875,1.171875,2.4375,40.55483815625,-3.4953386875,1.95325,85.6609375,0.947015625,2
89.1546875,40.561319203124995,-3.513699078125,682.7671875000001,6.03125,5.0,308.4453125,3.1969374999999998,0.015625,0.203125,0.0,1.0,-0.016119444444444422,-0.0012757378472222215,-0.005110720486111105,-0.015877907986111092,-0.0011221788194444387,-0.0051509114583333316,-1.5229796006944443,-0.010289279513888881,-0.7128393663194444,-0.20591563864767748,0.0315641159183082,3.4730267894930615,1.999320652173913,19.20101041666667,0.5386949404761905,0.8154761904761905,89.10507440476191,90.9375,1.1875,2.578125,40.561097546875,-3.513392171875,1.436625,89.06875,0.9816041666666666,2
84.6875,40.570068328125,-3.5249613906249997,651.6484375,5.90625,5.0,314.8609375,2.081828125,0.03125,0.0,0.0,1.0,-0.01325052083333331,-0.0026139322916666646,-0.0025638454861111075,-0.01366644965277776,-0.0024169704861110976,-0.0026148003472222232,-1.5333334201388888,0.0001350260416666738,-0.7226593315972222,-0.21334413965502358,0.03158739829823281,3.41215397791201,1.9646480881077564,21.261620907738095,0.6911502976190477,0.8195684523809523,84.63244791666665,90.9375,1.1875,2.09375,40.569823078125,-3.5246565,1.557109375,84.6015625,0.93196875,2
79.28437500000001,40.576670609375,-3.536848421875,634.7671875,5.3125,5.0,302.04218749999995,1.1645625,0.046875,0.0,0.0,1.0,-0.01267410037878786,-0.001483065025252528,-0.0004929292929292954,-0.012866177398989875,-0.0011166351010100922,-0.0003056029040404051,-1.5350833017676768,-0.0068454387626262535,-0.7560850220959595,-0.28096063773412205,0.03822447645085889,3.399840541377211,1.942738578786562,28.888142857142853,1.3055200892857144,1.0848958333333334,79.31711309523811,90.0,1.0,2.0,40.57652942187501,-3.53652984375,1.2421406250000002,79.3515625,0.8809375,2
75.04531250000001,40.58136553125,-3.5471204375000003,621.29375,4.0625,5.0,297.5609375,1.290921875,0.03125,0.0,0.0,0.99375,-0.01241409801136362,0.00043674636994949217,-0.004425378787878789,-0.012210854640151494,0.0005224865845959624,-0.004510740214646461,-1.5295496212121211,-0.0007686987058080747,-0.6957271385732323,-0.3010761175505892,-0.021736752509725503,3.3785063197176672,1.9098888214241474,28.569625000000002,1.4174166666666665,1.05625,75.066015625,89.0625,1.0,1.796875,40.581267437499996,-3.546875796875,0.974765625,74.95625000000001,0.8417137896825397,2
97.109375,40.53243515625,-3.444205296875,645.484375,5.25,5.0,277.76874999999995,1.3734218750000002,0.140625,0.921875,0.0,1.0,-0.009931928661616136,-0.002646922348484843,-7.417929292921925e-06,-0.010298437499999985,-0.0023517361111111143,-0.0006435921717171704,-1.5573380208333334,0.013689599116161594,0.17531810290404037,-0.18919727825886357,0.030727511047865044,2.827820107615782,1.9965080492424243,18.151584449404762,0.36721986607142854,0.8364583333333333,97.03651785714285,91.09375,1.046875,2.0,40.532306625000004,-3.44356515625,2.36625,97.0765625,1.0682048611111112,0
90.1515625,40.535846359375,-3.4630915312500004,655.78125,5.0625,5.0,294.7171875,1.9227500000000002,0.1875,1.421875,0.0,1.0,-0.0125769097222222,-0.0014420138888888798,0.0020368055555555565,-0.012508333333333317,-0.0011357638888888906,0.0016666666666666674,-1.5567375,-0.0008656250000000079,-0.07893819444444447,-0.2374948360245886,0.036861966365074536,2.776075067343355,1.9966666666666666,16.6180625,0.530546875,0.92109375,90.06069940476189,86.40625,1.265625,1.8125,40.535704109375,-3.46276484375,1.620296875,90.11875,1.1321701388888887,0
85.51093750000001,40.54785628124999,-3.4830208906249998,671.9078125000001,4.03125,5.0,322.7171875,2.6476875,0.140625,1.515625,0.0,1.0,-0.012882986111111092,-0.0017967013888888857,0.0030118055555555484,-0.013031597222222203,-0.0017538194444444422,0.0025592013888888847,-1.5721105902777777,-0.005020486111111119,-0.43896041666666663,-0.20148011433332577,0.02003328553094383,2.723516146901874,1.9881229967948717,11.667851562500001,0.31928124999999996,0.8203125,85.45942708333334,83.5625,1.1875,1.8125,40.547327140625,-3.482099046875,4.689578125,85.696875,-1.7220659722222225,0
87.1296875,40.567546015625,-3.517365859375,656.128125,3.375,5.0,313.065625,1.8016874999999999,0.140625,2.390625,0.21875,1.0,-0.012509106691919177,-0.0002318655303030282,0.0023400883838383827,-0.01345149936868685,-0.00010642361111111399,0.0019981060606060596,-1.549085148358586,0.002874100378787872,-0.8929073547979798,-0.27671769271772484,0.02333062552138127,2.75148252339831,1.9908052884615384,10.412460937499999,0.25881510416666664,0.8203125,87.16325520833334,87.15625,0.9375,2.0,40.566994171874995,-3.51620821875,5.23765625,87.25312500000001,-1.8345659722222218,0
84.8984375,40.575823828124996,-3.53566203125,637.2859375,3.1875,5.0,122.16250000000001,1.812796875,0.546875,3.15625,0.34375,1.0,-0.012533601641414132,-0.004232275883838376,0.0014983743686868556,-0.012482339015151504,-0.004035022095959585,0.0014514520202020095,-1.5686326546717173,-0.01016409406565656,-0.19892283775252526,0.03603445400883759,0.020363946106989397,2.7635357389047157,1.9418808183378404,26.138540426587305,1.0367770337301587,0.9930245535714286,84.76411830357144,88.578125,0.96875,2.0,40.57626206250001,-3.5365948281249997,4.03028125,84.6609375,-0.43906249999999986,1
88.634375,40.555795609375004,-3.498656640625,668.0015625,3.171875,5.0,140.078125,2.0050468749999997,0.71875,4.203125,0.34375,1.0,-0.014749068813131297,-0.006496480429292928,-0.0035927398989898966,-0.014561821338383817,-0.006891445707070695,-0.0034791666666666673,-1.547533869949495,-0.00740582386363636,0.29903216540404043,-0.009976495396517661,0.01943018639662577,2.7987693384086514,1.9639030103668262,13.380523623511904,0.01678385416666668,0.4910714285714286,88.61572730654763,82.46875,1.125,1.859375,40.5563985,-3.4996742187499996,5.010484375000001,88.475,-1.5886180555555558,1
90.0859375,40.537834687499995,-3.46665915625,666.3296875000001,3.359375,5.0,123.4671875,2.038109375,0.828125,3.96875,0.109375,1.0,-0.014928298611111081,-0.0033179135101010027,-0.0050899779040404014,-0.01500790719696967,-0.00348817866161616,-0.0049189078282828235,-1.5383429292929294,-0.005610464015151506,1.1435494476010102,0.12829008066591152,-0.000827416994707486,2.8557501837500827,1.907996894409938,-1.0,-1.0,0.0,90.07403273809524,84.046875,1.1875,1.75,40.53812859375,-3.4672616874999997,2.7416093750000003,89.9296875,-0.1916527777777779,1
89.7734375,40.533202234375004,-3.4483716718750004,647.7609375,3.890625,5.0,99.4390625,1.6975000000000002,0.796875,4.859375,0.515625,1.0,-0.010475268308080788,0.0001236584595959672,-0.004465309343434346,-0.00990004734848483,0.0005928661616161592,-0.004378835227272717,-1.5415958964646466,-0.011733128156565645,1.4763673926767678,0.3761619387045989,-0.004812739820269995,2.822147702736056,1.9099330357142859,3.3363281249999996,-0.6959244791666666,0.13020833333333331,89.85580729166668,90.15625,1.03125,1.984375,40.533317421875,-3.449007828125,2.200890625,89.8453125,0.9959409722222223,1
88.96875,40.52853175,-3.4271868281250004,636.953125,3.703125,5.0,112.32187499999999,2.411515625,0.5625,5.46875,0.828125,1.0,-0.007650595801767664,0.0017483428030303028,-0.002055393781565662,-0.007321338383838371,0.001646259469696965,-0.0018456478851010063,-1.5515119002525253,-0.007421421243686865,1.4975249210858586,0.13445898175152174,0.002635755505086497,2.8221230466949874,1.9048784959557987,18.472421875000002,0.21209635416666667,0.54296875,88.88835937500001,94.375,1.1875,1.921875,40.528695671875,-3.4277070468749997,1.863609375,89.0984375,0.9458489583333334,1
90.5734375,40.527631578124996,-3.423550828125,631.2015624999999,4.734375,5.0,306.58281250000005,2.2522031250000003,0.140625,1.0,0.0,1.0,-0.011355381944444435,-0.0003618055555555641,-0.0007822916666666703,-0.011691145833333322,-0.0002749999999999939,-0.00046215277777777336,-1.5504105902777776,-0.0012244791666666719,0.08882031249999998,-0.1839240379718658,0.0045605404227770175,3.6063493900858186,1.8760961174242425,-1.0,-1.0,0.041294642857142856,90.58473462301588,90.296875,1.125,1.875,40.527476421875,-3.4231782031250004,1.7021875,90.5984375,-0.4033511284722224,2
88.946875,40.532745937499996,-3.440972171875,645.0296875,5.328125,5.0,285.7265625,1.3129375,0.046875,0.234375,0.0,1.0,-0.011299652777777771,-0.00026545138888889037,-0.0004404513888888815,-0.011434722222222209,-0.0004189236111111016,-0.00034965277777777837,-1.5412506944444444,0.0077772569444444425,0.05704357638888887,-0.21894745638102375,0.016564380062604037,3.6369386054713573,1.9314049209048976,-1.0,-1.0,0.07728794642857142,88.9751953125,88.578125,0.96875,1.953125,40.532681890625,-3.44057778125,1.67009375,88.99531250000001,-0.4051388888888888,2
88.5953125,40.536146234374996,-3.4595624687499997,661.1796875,5.140625,5.0,287.9234375,1.197625,0.0,0.0,0.0,1.0,-0.013015624999999984,0.0012953124999999985,-0.001328124999999983,-0.012592881944444433,0.001208159722222225,-0.00125868055555555,-1.5535744791666666,0.0048782986111111145,-0.1634529513888889,-0.1867214433063717,0.019045316974275913,3.616490034881501,1.904904627715488,8.137172619047618,-0.44687127976190477,0.18405877976190477,88.57366567460318,87.3125,0.96875,1.890625,40.535942265624996,-3.459207,2.028640625,88.5265625,-1.5561093750000003,2
83.63593750000001,40.546143265625,-3.47813575,693.2468749999999,4.515625,5.0,305.859375,1.9775625000000001,0.15625,0.578125,0.0,1.0,-0.013470612373737348,-0.0002971748737373827,-0.003594649621212105,-0.012966319444444426,-0.0002190498737373671,-0.003535716540404033,-1.5658716066919194,-0.008907733585858576,-0.6171306502525253,-0.26658182753177295,0.03309938638368265,3.4723205208212855,1.9728486651439239,33.38236793154762,1.178266369047619,0.6590029761904762,83.6178013392857,85.890625,0.9375,2.015625,40.545857484375,-3.477540890625,3.2080156250000003,83.6140625,-2.8213871527777776,2
80.80781250000001,40.557525171875,-3.5011039375000004,701.5,4.734375,5.0,305.0078125,2.5872656249999997,0.25,1.15625,0.0,1.0,-0.01379492187499998,-0.0003402107007575842,-0.002516694286616153,-0.013109828756313113,-0.00040901594065656077,-0.0024986979166666677,-1.5459891571969697,-0.012814547821969694,-1.0684658420138888,-0.3398055336997618,0.036059329397527144,3.2321530598641806,1.9944931891025641,41.27376302083333,1.6950699404761906,0.8773437500000001,80.83064732142859,89.359375,1.125,2.34375,40.55725746875,-3.500486546875,3.2387812499999997,80.853125,-0.3195156249999997,2
82.09375,40.567706078125,-3.522324359375,663.9015625,4.328125,5.0,300.675,2.164296875,0.15625,1.578125,0.0,1.0,-0.01263577967171716,0.0014545928030302968,-0.00025599352904040343,-0.012544578598484832,0.001419002525252522,-0.0005454782196969714,-1.5385796677714647,-0.01189524936868687,-1.3686868173926767,-0.25287428421140723,0.036057651212336735,3.0767858997117052,1.950574052306389,37.40975260416666,1.4871848958333334,0.88203125,82.14369791666667,90.78125,1.15625,2.21875,40.567431015625004,-3.521892359375,2.39453125,82.0953125,0.9049461805555556,2
82.3515625,40.578132124999996,-3.539484609375,631.203125,3.921875,5.0,298.37343749999997,1.5710312499999999,0.109375,1.0,0.0,1.0,-0.011105393781565645,0.0022332189078282734,-0.000894018308080806,-0.011544819286616149,0.0021738991477272705,-0.0011910037878787875,-1.5455001380997473,-0.00462541429924242,-1.4366644728535354,-0.24694997104495742,0.056892305492665524,3.01866616644351,1.942627656914342,41.123151041666674,1.7926692708333334,1.0260416666666667,82.42630208333333,90.0,1.0,1.953125,40.577978296875,-3.539129140625,1.649015625,82.425,0.9150173611111112,2
108.65625,40.5391041875,-3.46733078125,668.115625,5.4375,5.0,311.8671875,2.06559375,0.25,0.640625,0.0,1.0,-0.017547569444444428,0.009349305555555546,-0.0178578125,-0.017507465277777752,0.00937569444444444,-0.01832256944444445,-1.5804262152777777,-0.030047222222222215,-0.5870364583333334,-0.10961813604576387,0.027568634640355215,3.3876865227709034,1.9044838163176978,9.278255208333333,-0.16702343749999998,0.45807291666666666,108.73875,87.96875,1.15625,1.875,40.538861390625,-3.466979109375,1.3476875000000001,108.6546875,1.2954756944444445,0
88.6421875,40.549188828125,-3.4829158749999998,704.0609374999999,5.21875,5.0,319.8453125,2.114953125,0.421875,2.59375,0.28125,1.0,-0.012352588383838372,-0.006822506313131315,-0.00021044823232322795,-0.012351530934343418,-0.006777304292929288,-0.00023688446969697698,-1.5638443023989899,-0.026465782828282824,-1.2319358112373737,-0.26246342708834125,0.04108037522356694,3.3145131674363073,1.9988425925925926,16.521718749999998,0.5800911458333333,1.0432291666666667,88.66222842261905,87.5,1.078125,2.09375,40.54891065625,-3.4824079218749997,2.22509375,88.6015625,1.0790000000000002,0
95.02187500000001,40.562280609375,-3.5083888125000002,689.921875,4.765625,5.0,305.7125,2.559765625,0.515625,3.796875,0.390625,1.0,-0.012324447601010088,-0.004261994949494957,0.006565419823232322,-0.012946070075757557,-0.0044885732323232345,0.006741903409090899,-1.550932133838384,-0.013461032196969706,-1.6782530618686868,-0.3159988925149894,0.04025128834863248,3.2597101846764156,1.9851981555582099,10.028841145833333,0.21689322916666665,0.9815104166666666,94.95049479166667,90.0,1.046875,2.328125,40.561893484375,-3.507445609375,3.4448125,95.01875,1.0557986111111113,0
83.7125,40.5761895,-3.5362284062500002,634.9953125,4.09375,5.0,124.16093749999999,1.7029062499999998,0.765625,4.203125,0.578125,1.0,-0.009488399621212115,0.0036024779040403922,-0.0016716856060606058,-0.009943260732323222,0.004000789141414139,-0.0014220012626262627,-1.5714554924242425,-0.01760872790404039,-0.268619476010101,0.3780824127135948,-0.006520311166289415,3.0530276447238096,1.9392391417459351,3.430979166666667,-0.7323723958333334,0.13854166666666667,83.70429687500001,90.0,1.0,2.015625,40.576493531249994,-3.536809234375,2.3052187500000003,83.6859375,0.9301388888888888,1
83.1765625,40.564642453125,-3.5184390625,672.70625,4.203125,5.0,122.0625,2.3400625,0.8125,5.8125,0.859375,1.0,-0.010778503787878774,0.003915845959595951,-0.0034479008838383778,-0.010875899621212106,0.0043179766414141365,-0.0032740845959595938,-1.5905185132575759,-0.009085637626262619,-0.10773041351010101,0.4575375388389791,0.022775665784847875,3.0004228176224177,1.960277667933918,3.447072916666667,-0.7286536458333333,0.17682291666666666,83.09390625,90.78125,1.15625,2.4375,40.564981546875,-3.519022546875,2.5589062499999997,83.1109375,0.9173177083333333,1
84.08124999999998,40.556193625,-3.4986853125,714.4718750000001,4.21875,5.0,108.175,2.8838906250000003,0.71875,5.359375,0.84375,1.0,-0.0109831597222222,0.0006409722222222248,-0.0031248263888888775,-0.010837673611111088,0.0013513888888888833,-0.00315190972222222,-1.5737980902777777,-0.0011697916666666669,0.27011128472222223,0.477338152833911,0.00724362262809043,3.062203111635723,1.965789707977208,-0.8248958333333333,-0.9853958333333334,0.0609375,84.08356770833333,90.9375,1.34375,2.25,40.556352843750005,-3.499226484375,2.0439375,83.95468749999999,0.9257795138888889,1
85.32499999999999,40.54882778125,-3.480186921875,706.7718749999999,3.671875,5.0,131.42812500000002,1.741375,0.859375,6.1875,0.984375,1.0,-0.011845833333333309,-0.001182552083333333,-0.0011820746527777665,-0.011434461805555537,-0.0006789062500000029,-0.001209201388888886,-1.5363797743055556,-0.016220659722222214,0.4138350694444444,0.4828674792266081,-0.02708910563781944,3.1202510402485695,1.9031444099378882,-0.8409895833333333,-0.9891145833333334,0.01953125,85.3828125,83.59375,1.1875,1.796875,40.549080437499995,-3.4805939062499998,1.962609375,85.27031249999999,1.136986111111111,1
82.621875,40.53842959375,-3.468271984375,667.6875,3.328125,5.0,133.003125,1.681,1.015625,7.1875,1.0,1.0,-0.012554608585858563,0.0019660116792929207,-0.0019574692234848455,-0.012503685290404024,0.0018263967803030306,-0.0018528093434343378,-1.535065632891414,-0.016267945075757573,0.7650708333333334,0.5316456673671168,-0.029770846350994303,3.1405646511340803,1.8890108843302988,6.9721484375,-0.5182421875000001,0.140625,82.69778645833333,84.21875,1.15625,1.8125,40.53870871875,-3.4685999687500004,1.8068593750000002,82.6703125,1.101032986111111,1
83.44843750000001,40.5339765625,-3.454536953125,656.4203125,3.5,5.0,96.834375,1.4942499999999999,0.90625,7.640625,1.0,1.0,-0.009861900252525233,0.00445568181818181,-0.0029036931818181783,-0.009993008207070692,0.004262247474747471,-0.002593955176767672,-1.5521094696969697,-0.021387389520202013,1.1141475694444445,0.36637478573203874,-0.028609683890218972,3.1021827997515627,1.984998418836855,7.385690104166667,-0.42605468750000003,0.21875,83.48932291666668,90.78125,1.15625,1.921875,40.534021046875,-3.45501146875,1.546828125,83.4046875,0.9196961805555555,1
84.9296875,40.533046640625,-3.4376125,643.79375,3.3125,5.0,103.796875,1.378890625,1.21875,7.59375,1.0,1.0,-0.011204947916666647,0.0007116753472222184,-0.0021756076388888827,-0.011208680555555546,0.0004848958333333282,-0.00209969618055555,-1.5460789930555556,-0.026463368055555544,1.007759375,0.460381532981721,-0.017266333299420403,3.0650362073473714,1.9991319444444444,-0.5864583333333333,-0.9078125,0.08203125,84.91263020833333,90.0,1.0,2.0,40.533119390625004,-3.438069921875,1.4904843749999999,84.8828125,0.9436631944444445,1
83.7703125,40.5287964375,-3.4244647500000003,629.7874999999999,3.203125,5.0,121.5234375,2.774109375,1.15625,7.375,1.0,1.0,-0.012880121527777753,8.042534722222218e-05,-0.0010033854166666607,-0.012891145833333324,-3.055555555556231e-05,-0.0010054253472222127,-1.5468840277777778,-0.010237326388888881,1.0266574652777778,0.5632519860087103,-0.030500667623071253,3.2297940236244047,1.8186424690675609,-1.0,-1.0,0.04036458333333333,83.76768229166666,93.28125,1.1875,1.953125,40.528949421875,-3.424791078125,1.204125,83.7546875,0.9008732638888889,1
